{
  "2": [
    874.1145629882812,
    1182.3472290039062,
    30,
    30
  ],
  "3": [
    766.1145629882812,
    1108.3472290039062,
    30,
    30
  ],
  "4": [
    766.1145629882812,
    1280.3472290039062,
    30,
    30
  ],
  "5": [
    855.1145629882812,
    1059.3472290039062,
    30,
    30
  ],
  "6": [
    707.1145629882812,
    1156.3472290039062,
    30,
    30
  ],
  "7": [
    710.1145629882812,
    1230.3472290039062,
    30,
    30
  ],
  "8": [
    707.1145629882812,
    1256.3472290039062,
    30,
    30
  ],
  "9": [
    873.1145629882812,
    960.3472290039062,
    30,
    30
  ],
  "10": [
    767.1145629882812,
    1033.3472290039062,
    30,
    30
  ],
  "11": [
    706.1145629882812,
    1060.3472290039062,
    30,
    30
  ],
  "12": [
    710.1145629882812,
    960.3472290039062,
    30,
    30
  ],
  "13": [
    571.1145629882812,
    269.0138883590698,
    30,
    30
  ],
  "14": [
    706.1145629882812,
    1038.3472290039062,
    30,
    30
  ],
  "15": [
    572.1145629882812,
    245.01388835906982,
    30,
    30
  ],
  "16": [
    353.11456298828125,
    234.01388835906982,
    30,
    30
  ],
  "17": [
    707.1145629882812,
    985.3472290039062,
    30,
    30
  ],
  "18": [
    622.1145629882812,
    1035.3472290039062,
    30,
    30
  ],
  "19": [
    621.1145629882812,
    1059.3472290039062,
    30,
    30
  ],
  "20": [
    622.1145629882812,
    1086.3472290039062,
    30,
    30
  ],
  "21": [
    620.1145629882812,
    1131.3472290039062,
    30,
    30
  ],
  "22": [
    619.1145629882812,
    670.1250076293945,
    30,
    30
  ],
  "23": [
    620.1145629882812,
    1109.3472290039062,
    30,
    30
  ],
  "24": [
    620.1145629882812,
    1183.3472290039062,
    30,
    30
  ],
  "25": [
    879.1145629882812,
    595.0138883590698,
    30,
    30
  ],
  "26": [
    874.1145629882812,
    574.0138883590698,
    30,
    30
  ],
  "27": [
    859.1145629882812,
    414.0138883590698,
    30,
    30
  ],
  "28": [
    621.1145629882812,
    1157.3472290039062,
    30,
    30
  ],
  "29": [
    877.1145629882812,
    525.0138883590698,
    30,
    30
  ],
  "30": [
    876.1145629882812,
    478.0138883590698,
    30,
    30
  ],
  "31": [
    766.1145629882812,
    367.12500762939453,
    30,
    30
  ],
  "32": [
    705.1145629882812,
    435.0138883590698,
    30,
    30
  ],
  "33": [
    707.1145629882812,
    413.0138883590698,
    30,
    30
  ],
  "34": [
    877.1145629882812,
    719.2361145019531,
    30,
    30
  ],
  "35": [
    877.1145629882812,
    744.2361145019531,
    30,
    30
  ],
  "36": [
    873.1145629882812,
    695.2361145019531,
    30,
    30
  ],
  "37": [
    769.1145629882812,
    767.3472290039062,
    30,
    30
  ],
  "38": [
    767.1145629882812,
    743.3472290039062,
    30,
    30
  ],
  "39": [
    856.1145629882812,
    938.3472290039062,
    30,
    30
  ],
  "40": [
    623.1145629882812,
    645.1250076293945,
    30,
    30
  ],
  "41": [
    707.1145629882812,
    887.3472290039062,
    30,
    30
  ],
  "42": [
    765.1145629882812,
    863.3472290039062,
    30,
    30
  ],
  "43": [
    767.1145629882812,
    840.3472290039062,
    30,
    30
  ],
  "44": [
    766.1145629882812,
    986.3472290039062,
    30,
    30
  ],
  "45": [
    769.1145629882812,
    815.3472290039062,
    30,
    30
  ],
  "46": [
    709.1145629882812,
    862.3472290039062,
    30,
    30
  ],
  "47": [
    705.1145629882812,
    842.3472290039062,
    30,
    30
  ],
  "48": [
    622.1145629882812,
    693.1250076293945,
    30,
    30
  ],
  "49": [
    709.1145629882812,
    915.3472290039062,
    30,
    30
  ],
  "50": [
    623.1145629882812,
    864.2361145019531,
    30,
    30
  ],
  "51": [
    622.1145629882812,
    597.1250076293945,
    30,
    30
  ],
  "52": [
    621.1145629882812,
    745.1250076293945,
    30,
    30
  ],
  "53": [
    621.1145629882812,
    526.0138883590698,
    30,
    30
  ],
  "54": [
    709.1145629882812,
    816.3472290039062,
    30,
    30
  ],
  "55": [
    707.1145629882812,
    769.1250076293945,
    30,
    30
  ],
  "56": [
    621.1145629882812,
    502.0138883590698,
    30,
    30
  ],
  "57": [
    619.1145629882812,
    413.0138883590698,
    30,
    30
  ],
  "58": [
    621.1145629882812,
    458.0138883590698,
    30,
    30
  ],
  "59": [
    709.1145629882812,
    669.1250076293945,
    30,
    30
  ],
  "61": [
    619.1145629882812,
    343.0138883590698,
    30,
    30
  ],
  "62": [
    706.1145629882812,
    595.0138883590698,
    30,
    30
  ],
  "63": [
    709.1145629882812,
    572.0138883590698,
    30,
    30
  ],
  "64": [
    706.1145629882812,
    246.01388835906982,
    30,
    30
  ],
  "65": [
    709.1145629882812,
    526.0138883590698,
    30,
    30
  ],
  "66": [
    706.1145629882812,
    152.01388835906982,
    30,
    30
  ],
  "67": [
    709.1145629882812,
    125.01388835906982,
    30,
    30
  ],
  "68": [
    710.1145629882812,
    503.0138883590698,
    30,
    30
  ],
  "69": [
    621.1145629882812,
    197.01388835906982,
    30,
    30
  ],
  "70": [
    707.1145629882812,
    549.0138883590698,
    30,
    30
  ],
  "71": [
    427.11456298828125,
    379.0138883590698,
    30,
    30
  ],
  "72": [
    243.11456298828125,
    280.0138883590698,
    30,
    30
  ],
  "73": [
    355.11456298828125,
    282.0138883590698,
    30,
    30
  ],
  "74": [
    465.11456298828125,
    376.0138883590698,
    30,
    30
  ],
  "75": [
    157.11456298828125,
    268.0138883590698,
    30,
    30
  ],
  "76": [
    174.11456298828125,
    114.01388835906982,
    30,
    30
  ],
  "77": [
    244.11456298828125,
    234.01388835906982,
    30,
    30
  ],
  "78": [
    320.11456298828125,
    232.01388835906982,
    30,
    30
  ],
  "79": [
    413.11456298828125,
    283.0138883590698,
    30,
    30
  ],
  "80": [
    426.11456298828125,
    234.01388835906982,
    30,
    30
  ],
  "81": [
    282.11456298828125,
    113.01388835906982,
    30,
    30
  ],
  "82": [
    440.11456298828125,
    283.0138883590698,
    30,
    30
  ],
  "83": [
    159.11456298828125,
    217.01388835906982,
    30,
    30
  ],
  "84": [
    156.11456298828125,
    176.01388835906982,
    30,
    30
  ],
  "85": [
    570.1145629882812,
    342.0138883590698,
    30,
    30
  ],
  "86": [
    709.1145629882812,
    1207.3472290039062,
    30,
    30
  ],
  "87": [
    467.11456298828125,
    115.01388835906982,
    30,
    30
  ],
  "88": [
    317.11456298828125,
    115.01388835906982,
    30,
    30
  ],
  "90": [
    617.1145629882812,
    435.0138883590698,
    30,
    30
  ],
  "91": [
    620.1145629882812,
    478.0138883590698,
    30,
    30
  ],
  "92": [
    620.1145629882812,
    888.2361145019531,
    30,
    30
  ],
  "93": [
    709.1145629882812,
    1010.3472290039062,
    30,
    30
  ],
  "94": [
    621.1145629882812,
    574.1250076293945,
    30,
    30
  ],
  "96": [
    280.11456298828125,
    283.0138883590698,
    30,
    30
  ],
  "97": [
    279.11456298828125,
    378.0138883590698,
    30,
    30
  ],
  "98": [
    874.1145629882812,
    1131.3472290039062,
    30,
    30
  ],
  "99": [
    876.1145629882812,
    1206.3472290039062,
    30,
    30
  ],
  "101": [
    874.1145629882812,
    1278.3472290039062,
    30,
    30
  ],
  "102": [
    619.1145629882812,
    987.3472290039062,
    30,
    30
  ],
  "103": [
    765.1145629882812,
    936.3472290039062,
    30,
    30
  ],
  "104": [
    886.1145629882812,
    413.0138883590698,
    30,
    30
  ],
  "105": [
    766.1145629882812,
    548.1250076293945,
    30,
    30
  ],
  "106": [
    570.1145629882812,
    320.0138883590698,
    30,
    30
  ],
  "107": [
    355.11456298828125,
    378.0138883590698,
    30,
    30
  ],
  "108": [
    620.1145629882812,
    128.01388835906982,
    30,
    30
  ],
  "109": [
    874.1145629882812,
    1252.3472290039062,
    30,
    30
  ],